league,matchId,playerId,teamId,eventSec,matchPeriod,subEventName,x,y,is_goal,match_datetime_utc,match_date,match_date_local_raw,gameweek,roundId,seasonId,competitionId,match_label,match_status,match_duration,winner,period_sort_key,seconds_from_match_start,shot_sequence_in_match,shot_sequence_team_in_match,is_left_foot,is_right_foot,is_header,shot_body_part,distance_to_goal,shot_angle_rad,shot_angle_deg
France,2500691,353833,19830,241.432822,1H,Shot,91,30,0,2017-08-04 18:45:00+00:00,2017-08-04,"August 4, 2017 at 8:45:00 PM GMT+2",1,4405655,181189,412,"Monaco - Toulouse, 3 - 2",Played,Regular,19830,1,241.432822,1,1,False,True,False,right_foot,16.560872561553033,0.25920429716240895,14.851312259060853
France,2500691,288423,3780,339.735142,1H,Shot,92,59,1,2017-08-04 18:45:00+00:00,2017-08-04,"August 4, 2017 at 8:45:00 PM GMT+2",1,4405655,181189,412,"Monaco - Toulouse, 3 - 2",Played,Regular,19830,1,339.735142,2,1,False,True,False,right_foot,10.392997642643824,0.5762695632423727,33.01781383563523
France,2500691,3450,19830,576.442938,1H,Shot,91,54,0,2017-08-04 18:45:00+00:00,2017-08-04,"August 4, 2017 at 8:45:00 PM GMT+2",1,4405655,181189,412,"Monaco - Toulouse, 3 - 2",Played,Regular,19830,1,576.442938,3,2,False,False,True,head,9.833661576442422,0.692985296031052,39.705132727203235
France,2500691,28922,19830,742.94602,1H,Shot,82,51,0,2017-08-04 18:45:00+00:00,2017-08-04,"August 4, 2017 at 8:45:00 PM GMT+2",1,4405655,181189,412,"Monaco - Toulouse, 3 - 2",Played,Regular,19830,1,742.94602,4,3,False,True,False,right_foot,18.91222884802318,0.382101106702182,21.892780761312963
France,2500691,353833,19830,828.687717,1H,Shot,91,69,0,2017-08-04 18:45:00+00:00,2017-08-04,"August 4, 2017 at 8:45:00 PM GMT+2",1,4405655,181189,412,"Monaco - Toulouse, 3 - 2",Played,Regular,19830,1,828.687717,5,4,False,True,False,right_foot,16.007151526739545,0.2775115975349337,15.900243304684802
France,2500691,135913,19830,1044.239925,1H,Shot,74,63,0,2017-08-04 18:45:00+00:00,2017-08-04,"August 4, 2017 at 8:45:00 PM GMT+2",1,4405655,181189,412,"Monaco - Toulouse, 3 - 2",Played,Regular,19830,1,1044.239925,6,5,True,False,False,left_foot,28.69556760198341,0.24186936720578492,13.858093934391396
France,2500691,26196,19830,1468.420071,1H,Shot,89,76,0,2017-08-04 18:45:00+00:00,2017-08-04,"August 4, 2017 at 8:45:00 PM GMT+2",1,4405655,181189,412,"Monaco - Toulouse, 3 - 2",Played,Regular,19830,1,1468.420071,7,6,False,True,False,right_foot,21.118354576055395,0.1930087880334852,11.05858896325381
France,2500691,263766,19830,1672.839247,1H,Shot,94,48,1,2017-08-04 18:45:00+00:00,2017-08-04,"August 4, 2017 at 8:45:00 PM GMT+2",1,4405655,181189,412,"Monaco - Toulouse, 3 - 2",Played,Regular,19830,1,1672.839247,8,7,False,False,True,head,6.4451221865842045,1.02284709695357,58.60482174264808
France,2500691,3450,19830,2380.297055,1H,Shot,87,58,0,2017-08-04 18:45:00+00:00,2017-08-04,"August 4, 2017 at 8:45:00 PM GMT+2",1,4405655,181189,412,"Monaco - Toulouse, 3 - 2",Played,Regular,19830,1,2380.297055,9,8,True,False,False,left_foot,14.694083843506547,0.45833138588176386,26.260454029406993
France,2500691,134512,3780,2706.792446,1H,Shot,95,27,0,2017-08-04 18:45:00+00:00,2017-08-04,"August 4, 2017 at 8:45:00 PM GMT+2",1,4405655,181189,412,"Monaco - Toulouse, 3 - 2",Played,Regular,19830,1,2706.792446,10,2,True,False,False,left_foot,16.497639225052776,0.1474290219872005,8.447060737608007
France,2500691,25745,3780,426.33783300000005,2H,Shot,83,45,1,2017-08-04 18:45:00+00:00,2017-08-04,"August 4, 2017 at 8:45:00 PM GMT+2",1,4405655,181189,412,"Monaco - Toulouse, 3 - 2",Played,Regular,19830,2,3126.337833,11,3,False,True,False,right_foot,18.17092457746715,0.3912015981167621,22.41420051086344
France,2500691,3450,19830,758.898846,2H,Shot,95,51,1,2017-08-04 18:45:00+00:00,2017-08-04,"August 4, 2017 at 8:45:00 PM GMT+2",1,4405655,181189,412,"Monaco - Toulouse, 3 - 2",Played,Regular,19830,2,3458.898846,12,9,False,False,True,head,5.29385492812185,1.2070605351507873,69.15947428094266
France,2500691,21097,19830,1444.7340000000004,2H,Shot,93,53,1,2017-08-04 18:45:00+00:00,2017-08-04,"August 4, 2017 at 8:45:00 PM GMT+2",1,4405655,181189,412,"Monaco - Toulouse, 3 - 2",Played,Regular,19830,2,4144.734,13,10,False,False,True,head,7.627850286941919,0.8765683344198797,50.22366601707124
France,2500691,25517,3780,2449.756128,2H,Shot,86,34,0,2017-08-04 18:45:00+00:00,2017-08-04,"August 4, 2017 at 8:45:00 PM GMT+2",1,4405655,181189,412,"Monaco - Toulouse, 3 - 2",Played,Regular,19830,2,5149.756128,14,4,False,True,False,right_foot,18.288367887813283,0.3233784788733682,18.528222024804453
France,2500691,28922,19830,2580.0742680000003,2H,Shot,87,32,0,2017-08-04 18:45:00+00:00,2017-08-04,"August 4, 2017 at 8:45:00 PM GMT+2",1,4405655,181189,412,"Monaco - Toulouse, 3 - 2",Played,Regular,19830,2,5280.074268,15,11,True,False,False,left_foot,18.334123922347644,0.30023024501934886,17.201925921787296
France,2500691,86239,19830,2827.263481,2H,Shot,89,54,0,2017-08-04 18:45:00+00:00,2017-08-04,"August 4, 2017 at 8:45:00 PM GMT+2",1,4405655,181189,412,"Monaco - Toulouse, 3 - 2",Played,Regular,19830,2,5527.263481,16,12,False,True,False,right_foot,11.86595550303472,0.5858756646232933,33.56820290233678
France,2500693,21383,3767,198.77083499999998,1H,Shot,81,73,0,2017-08-05 15:15:00+00:00,2017-08-05,"August 5, 2017 at 5:15:00 PM GMT+2",1,4405655,181189,412,"PSG - Amiens SC, 2 - 0",Played,Regular,3767,1,198.77083499999998,1,1,False,True,False,right_foot,25.349794870964935,0.22805118025714077,13.06637014171133
France,2500693,21174,3767,270.22957799999995,1H,Shot,81,73,0,2017-08-05 15:15:00+00:00,2017-08-05,"August 5, 2017 at 5:15:00 PM GMT+2",1,4405655,181189,412,"PSG - Amiens SC, 2 - 0",Played,Regular,3767,1,270.22957799999995,2,2,False,True,False,right_foot,25.349794870964935,0.22805118025714077,13.06637014171133
France,2500693,21174,3767,304.13934600000005,1H,Shot,90,66,0,2017-08-05 15:15:00+00:00,2017-08-05,"August 5, 2017 at 5:15:00 PM GMT+2",1,4405655,181189,412,"PSG - Amiens SC, 2 - 0",Played,Regular,3767,1,304.13934600000005,3,3,False,True,False,right_foot,15.120330684214549,0.3429933297063504,19.652070193313
France,2500693,28948,3789,594.150889,1H,Shot,69,44,0,2017-08-05 15:15:00+00:00,2017-08-05,"August 5, 2017 at 5:15:00 PM GMT+2",1,4405655,181189,412,"PSG - Amiens SC, 2 - 0",Played,Regular,3767,1,594.150889,4,1,False,True,False,right_foot,32.80470850350601,0.22054991305128954,12.636579189816162
France,2500693,3334,3767,1043.416986,1H,Shot,88,65,0,2017-08-05 15:15:00+00:00,2017-08-05,"August 5, 2017 at 5:15:00 PM GMT+2",1,4405655,181189,412,"PSG - Amiens SC, 2 - 0",Played,Regular,3767,1,1043.416986,5,4,False,True,False,right_foot,16.21110730332755,0.35421193704310655,20.29484904572363
France,2500693,209117,3767,1045.100539,1H,Shot,96,42,0,2017-08-05 15:15:00+00:00,2017-08-05,"August 5, 2017 at 5:15:00 PM GMT+2",1,4405655,181189,412,"PSG - Amiens SC, 2 - 0",Played,Regular,3767,1,1045.100539,6,5,False,False,True,head,6.872670514436149,0.7375266797959982,42.25716603060718
France,2500693,40539,3767,1167.86697,1H,Shot,69,57,0,2017-08-05 15:15:00+00:00,2017-08-05,"August 5, 2017 at 5:15:00 PM GMT+2",1,4405655,181189,412,"PSG - Amiens SC, 2 - 0",Played,Regular,3767,1,1167.86697,7,6,False,True,False,right_foot,32.89620190842705,0.21934895760618547,12.567769511428445
France,2500693,40539,3767,1302.385321,1H,Shot,89,69,0,2017-08-05 15:15:00+00:00,2017-08-05,"August 5, 2017 at 5:15:00 PM GMT+2",1,4405655,181189,412,"PSG - Amiens SC, 2 - 0",Played,Regular,3767,1,1302.385321,8,7,False,True,False,right_foot,17.33,0.2865448767458286,16.41781207863235
France,2500693,209117,3767,1420.486689,1H,Shot,88,29,0,2017-08-05 15:15:00+00:00,2017-08-05,"August 5, 2017 at 5:15:00 PM GMT+2",1,4405655,181189,412,"PSG - Amiens SC, 2 - 0",Played,Regular,3767,1,1420.486689,9,8,True,False,False,left_foot,19.04411720190778,0.25816823353917434,14.791950186142477
France,2500693,25534,3789,1731.915551,1H,Shot,95,33,0,2017-08-05 15:15:00+00:00,2017-08-05,"August 5, 2017 at 5:15:00 PM GMT+2",1,4405655,181189,412,"PSG - Amiens SC, 2 - 0",Played,Regular,3767,1,1731.915551,10,2,False,False,True,head,12.69630261139045,0.2543799095751475,14.57489521157547
France,2500693,209117,3767,2037.963279,1H,Shot,82,73,0,2017-08-05 15:15:00+00:00,2017-08-05,"August 5, 2017 at 5:15:00 PM GMT+2",1,4405655,181189,412,"PSG - Amiens SC, 2 - 0",Played,Regular,3767,1,2037.963279,11,9,True,False,False,left_foot,24.53201173976566,0.23092205230254725,13.230858993435211
France,2500693,134540,3767,2209.320861,1H,Shot,93,42,0,2017-08-05 15:15:00+00:00,2017-08-05,"August 5, 2017 at 5:15:00 PM GMT+2",1,4405655,181189,412,"PSG - Amiens SC, 2 - 0",Played,Regular,3767,1,2209.320861,12,10,False,False,True,head,9.144183943906636,0.6537802478838335,37.45884893276043
France,2500693,21174,3767,2478.338197,1H,Shot,91,36,1,2017-08-05 15:15:00+00:00,2017-08-05,"August 5, 2017 at 5:15:00 PM GMT+2",1,4405655,181189,412,"PSG - Amiens SC, 2 - 0",Played,Regular,3767,1,2478.338197,13,11,True,False,False,left_foot,13.413906962551964,0.39368269525427557,22.556356905404954
France,2500693,3314,3767,516.5823639999999,2H,Shot,84,37,0,2017-08-05 15:15:00+00:00,2017-08-05,"August 5, 2017 at 5:15:00 PM GMT+2",1,4405655,181189,412,"PSG - Amiens SC, 2 - 0",Played,Regular,3767,2,3216.582364,14,12,True,False,False,left_foot,18.983824693670133,0.3405962764170401,19.51472915656757
France,2500693,3314,3767,800.2878489999998,2H,Shot,91,69,0,2017-08-05 15:15:00+00:00,2017-08-05,"August 5, 2017 at 5:15:00 PM GMT+2",1,4405655,181189,412,"PSG - Amiens SC, 2 - 0",Played,Regular,3767,2,3500.287849,15,13,True,False,False,left_foot,16.007151526739545,0.2775115975349337,15.900243304684802
France,2500693,274345,3789,1169.6436439999998,2H,Shot,76,35,0,2017-08-05 15:15:00+00:00,2017-08-05,"August 5, 2017 at 5:15:00 PM GMT+2",1,4405655,181189,412,"PSG - Amiens SC, 2 - 0",Played,Regular,3767,2,3869.6436439999998,16,3,False,True,False,right_foot,27.186025822102064,0.24892124236597074,14.262136618723186
France,2500693,25938,3789,1345.5529159999996,2H,Shot,95,66,0,2017-08-05 15:15:00+00:00,2017-08-05,"August 5, 2017 at 5:15:00 PM GMT+2",1,4405655,181189,412,"PSG - Amiens SC, 2 - 0",Played,Regular,3767,2,4045.5529159999996,17,4,False,True,False,right_foot,12.08043459483143,0.28220886471081424,16.16937688910809
France,2500693,21174,3767,1797.3457120000003,2H,Shot,91,53,0,2017-08-05 15:15:00+00:00,2017-08-05,"August 5, 2017 at 5:15:00 PM GMT+2",1,4405655,181189,412,"PSG - Amiens SC, 2 - 0",Played,Regular,3767,2,4497.345712,18,14,False,True,False,right_foot,9.667683279876314,0.7125287723480491,40.82489143718105
France,2500693,25440,3767,2098.841354,2H,Shot,93,45,1,2017-08-05 15:15:00+00:00,2017-08-05,"August 5, 2017 at 5:15:00 PM GMT+2",1,4405655,181189,412,"PSG - Amiens SC, 2 - 0",Played,Regular,3767,2,4798.841354,19,15,False,True,False,right_foot,8.098302291221286,0.8006353722383037,45.873027758140445
France,2500693,25492,3789,2589.5318070000003,2H,Shot,67,44,0,2017-08-05 15:15:00+00:00,2017-08-05,"August 5, 2017 at 5:15:00 PM GMT+2",1,4405655,181189,412,"PSG - Amiens SC, 2 - 0",Played,Regular,3767,2,5289.531807,20,5,True,False,False,left_foot,34.88938090594329,0.20764813442210045,11.897361726151548
France,2500693,30320,3789,2742.407101,2H,Shot,74,64,0,2017-08-05 15:15:00+00:00,2017-08-05,"August 5, 2017 at 5:15:00 PM GMT+2",1,4405655,181189,412,"PSG - Amiens SC, 2 - 0",Played,Regular,3767,2,5442.407101,21,6,False,True,False,right_foot,28.912288045051017,0.23833657444073716,13.655679819059808
France,2500688,142755,3766,38.210256000000015,1H,Shot,92,64,0,2017-08-05 18:00:00+00:00,2017-08-05,"August 5, 2017 at 8:00:00 PM GMT+2",1,4405655,181189,412,"Olympique Lyonnais - Strasbourg, 4 - 0",Played,Regular,3766,1,38.210256000000015,1,1,True,False,False,left_foot,12.696078134605196,0.39425387225777275,22.589082937060272
France,2500688,5167,3766,202.44572599999998,1H,Shot,74,42,0,2017-08-05 18:00:00+00:00,2017-08-05,"August 5, 2017 at 8:00:00 PM GMT+2",1,4405655,181189,412,"Olympique Lyonnais - Strasbourg, 4 - 0",Played,Regular,3766,1,202.44572599999998,2,2,False,True,False,right_foot,27.83673112992975,0.25664124972980984,14.704460458481083
France,2500688,5167,3766,567.951667,1H,Shot,91,46,0,2017-08-05 18:00:00+00:00,2017-08-05,"August 5, 2017 at 8:00:00 PM GMT+2",1,4405655,181189,412,"Olympique Lyonnais - Strasbourg, 4 - 0",Played,Regular,3766,1,567.951667,3,3,False,False,True,head,9.833661576442422,0.6929852960310523,39.70513272720326
France,2500688,142755,3766,1333.844117,1H,Shot,88,72,0,2017-08-05 18:00:00+00:00,2017-08-05,"August 5, 2017 at 8:00:00 PM GMT+2",1,4405655,181189,412,"Olympique Lyonnais - Strasbourg, 4 - 0",Played,Regular,3766,1,1333.844117,4,4,True,False,False,left_foot,19.559181986985035,0.24482696409890203,14.027551753868012
France,2500688,5167,3766,1360.538512,1H,Shot,80,36,1,2017-08-05 18:00:00+00:00,2017-08-05,"August 5, 2017 at 8:00:00 PM GMT+2",1,4405655,181189,412,"Olympique Lyonnais - Strasbourg, 4 - 0",Played,Regular,3766,1,1360.538512,5,5,False,True,False,right_foot,23.057111701165002,0.2883551166089207,16.521531182693863
France,2500688,5167,3766,2347.96293,1H,Shot,93,49,0,2017-08-05 18:00:00+00:00,2017-08-05,"August 5, 2017 at 8:00:00 PM GMT+2",1,4405655,181189,412,"Olympique Lyonnais - Strasbourg, 4 - 0",Played,Regular,3766,1,2347.96293,6,6,False,True,False,right_foot,7.38138875822158,0.9185763543613753,52.63054826542034
France,2500688,28990,3779,2741.688664,1H,Shot,97,35,0,2017-08-05 18:00:00+00:00,2017-08-05,"August 5, 2017 at 8:00:00 PM GMT+2",1,4405655,181189,412,"Olympique Lyonnais - Strasbourg, 4 - 0",Played,Regular,3766,1,2741.688664,7,1,False,False,True,head,10.675322009194852,0.22538465488135154,12.91358949171407
France,2500688,5167,3766,546.2623509999999,2H,Shot,93,51,0,2017-08-05 18:00:00+00:00,2017-08-05,"August 5, 2017 at 8:00:00 PM GMT+2",1,4405655,181189,412,"Olympique Lyonnais - Strasbourg, 4 - 0",Played,Regular,3766,2,3246.262351,8,7,False,False,True,head,7.38138875822158,0.918576354361375,52.630548265420316
France,2500688,3803,3766,593.8445449999999,2H,Shot,77,30,0,2017-08-05 18:00:00+00:00,2017-08-05,"August 5, 2017 at 8:00:00 PM GMT+2",1,4405655,181189,412,"Olympique Lyonnais - Strasbourg, 4 - 0",Played,Regular,3766,2,3293.844545,9,8,False,True,False,right_foot,27.716105426267962,0.23006236966693083,13.181602806693707
France,2500688,5167,3766,921.203818,2H,Shot,85,50,1,2017-08-05 18:00:00+00:00,2017-08-05,"August 5, 2017 at 8:00:00 PM GMT+2",1,4405655,181189,412,"Olympique Lyonnais - Strasbourg, 4 - 0",Played,Regular,3766,2,3621.203818,10,9,False,True,False,right_foot,15.75,0.45665707350178963,26.164522996447968
France,2500688,412701,3779,2354.1889600000004,2H,Shot,73,71,0,2017-08-05 18:00:00+00:00,2017-08-05,"August 5, 2017 at 8:00:00 PM GMT+2",1,4405655,181189,412,"Olympique Lyonnais - Strasbourg, 4 - 0",Played,Regular,3766,2,5054.18896,11,2,False,True,False,right_foot,31.743359935583374,0.20576895093250544,11.789692443267088
France,2500688,412701,3779,2481.178624,2H,Shot,87,48,0,2017-08-05 18:00:00+00:00,2017-08-05,"August 5, 2017 at 8:00:00 PM GMT+2",1,4405655,181189,412,"Olympique Lyonnais - Strasbourg, 4 - 0",Played,Regular,3766,2,5181.178624,12,3,False,True,False,right_foot,13.717583606451981,0.5193432669279405,29.756177313507138
France,2500688,25673,3779,2493.059859,2H,Shot,94,68,0,2017-08-05 18:00:00+00:00,2017-08-05,"August 5, 2017 at 8:00:00 PM GMT+2",1,4405655,181189,412,"Olympique Lyonnais - Strasbourg, 4 - 0",Played,Regular,3766,2,5193.059859,13,4,False,True,False,right_foot,13.766175939599204,0.2561058358916813,14.673783505263415
France,2500688,25641,3779,2542.117948,2H,Shot,83,50,0,2017-08-05 18:00:00+00:00,2017-08-05,"August 5, 2017 at 8:00:00 PM GMT+2",1,4405655,181189,412,"Olympique Lyonnais - Strasbourg, 4 - 0",Played,Regular,3766,2,5242.117948,14,5,False,True,False,right_foot,17.849999999999994,0.40447783762626227,23.174873002562634
France,2500688,28115,3766,2702.5968489999996,2H,Shot,86,57,1,2017-08-05 18:00:00+00:00,2017-08-05,"August 5, 2017 at 8:00:00 PM GMT+2",1,4405655,181189,412,"Olympique Lyonnais - Strasbourg, 4 - 0",Played,Regular,3766,2,5402.596849,15,10,True,False,False,left_foot,15.45145947799107,0.44548042533515736,25.52414822739731
France,2500688,29616,3779,2781.0077410000004,2H,Shot,72,28,0,2017-08-05 18:00:00+00:00,2017-08-05,"August 5, 2017 at 8:00:00 PM GMT+2",1,4405655,181189,412,"Olympique Lyonnais - Strasbourg, 4 - 0",Played,Regular,3766,2,5481.007741,16,6,True,False,False,left_foot,32.98729452380113,0.19762350605062978,11.322992829279174
France,2500690,25474,3785,153.24607600000002,1H,Shot,87,42,0,2017-08-05 18:00:00+00:00,2017-08-05,"August 5, 2017 at 8:00:00 PM GMT+2",1,4405655,181189,412,"Metz - Guingamp, 1 - 3",Played,Regular,3785,1,153.24607600000002,1,1,True,False,False,left_foot,14.694083843506547,0.45833138588176386,26.260454029406993
France,2500690,25716,3777,822.5978540000001,1H,Shot,97,45,1,2017-08-05 18:00:00+00:00,2017-08-05,"August 5, 2017 at 8:00:00 PM GMT+2",1,4405655,181189,412,"Metz - Guingamp, 1 - 3",Played,Regular,3785,1,822.5978540000001,2,1,False,False,True,head,4.634921790062916,1.2334802940420777,70.67321496116683
France,2500690,25411,3785,1056.193614,1H,Shot,87,41,0,2017-08-05 18:00:00+00:00,2017-08-05,"August 5, 2017 at 8:00:00 PM GMT+2",1,4405655,181189,412,"Metz - Guingamp, 1 - 3",Played,Regular,3785,1,1056.193614,3,2,False,False,True,head,14.959174442461729,0.44339746231007887,25.40480323717851
France,2500690,26508,3777,1235.504679,1H,Shot,79,64,0,2017-08-05 18:00:00+00:00,2017-08-05,"August 5, 2017 at 8:00:00 PM GMT+2",1,4405655,181189,412,"Metz - Guingamp, 1 - 3",Played,Regular,3785,1,1235.504679,4,2,False,True,False,right_foot,24.01734581505625,0.2789951096201307,15.98524228602324
France,2500690,14990,3777,1267.893487,1H,Shot,69,49,0,2017-08-05 18:00:00+00:00,2017-08-05,"August 5, 2017 at 8:00:00 PM GMT+2",1,4405655,181189,412,"Metz - Guingamp, 1 - 3",Played,Regular,3785,1,1267.893487,5,3,False,True,False,right_foot,32.55710214377194,0.2238484855830211,12.825573474302164
France,2500690,26604,3785,1927.0745729999999,1H,Shot,86,66,0,2017-08-05 18:00:00+00:00,2017-08-05,"August 5, 2017 at 8:00:00 PM GMT+2",1,4405655,181189,412,"Metz - Guingamp, 1 - 3",Played,Regular,3785,1,1927.0745729999999,6,3,True,False,False,left_foot,18.288367887813283,0.3233784788733682,18.528222024804453
France,2500690,26508,3777,2066.779445,1H,Shot,89,44,0,2017-08-05 18:00:00+00:00,2017-08-05,"August 5, 2017 at 8:00:00 PM GMT+2",1,4405655,181189,412,"Metz - Guingamp, 1 - 3",Played,Regular,3785,1,2066.779445,7,4,False,False,True,head,12.24944488538154,0.5540487541382464,31.744655256602922
France,2500690,25716,3777,148.9542510000001,2H,Shot,69,25,0,2017-08-05 18:00:00+00:00,2017-08-05,"August 5, 2017 at 8:00:00 PM GMT+2",1,4405655,181189,412,"Metz - Guingamp, 1 - 3",Played,Regular,3785,2,2848.954251,8,5,False,True,False,right_foot,36.72196209354832,0.17660291772437806,10.118601835302984
France,2500690,14990,3777,200.18567399999984,2H,Shot,86,65,0,2017-08-05 18:00:00+00:00,2017-08-05,"August 5, 2017 at 8:00:00 PM GMT+2",1,4405655,181189,412,"Metz - Guingamp, 1 - 3",Played,Regular,3785,2,2900.185674,9,6,False,True,False,right_foot,17.89217706149814,0.3373919011794508,19.331131979477473
France,2500690,135901,3785,1185.9343799999997,2H,Shot,84,28,0,2017-08-05 18:00:00+00:00,2017-08-05,"August 5, 2017 at 8:00:00 PM GMT+2",1,4405655,181189,412,"Metz - Guingamp, 1 - 3",Played,Regular,3785,2,3885.9343799999997,10,4,False,True,False,right_foot,22.49536841218654,0.24462424291969,14.015936685881249
France,2500690,340920,3785,1498.9308659999997,2H,Shot,92,64,1,2017-08-05 18:00:00+00:00,2017-08-05,"August 5, 2017 at 8:00:00 PM GMT+2",1,4405655,181189,412,"Metz - Guingamp, 1 - 3",Played,Regular,3785,2,4198.930866,11,5,True,False,False,left_foot,12.696078134605196,0.39425387225777275,22.589082937060272
France,2500690,25939,3785,1735.8417339999996,2H,Shot,77,76,0,2017-08-05 18:00:00+00:00,2017-08-05,"August 5, 2017 at 8:00:00 PM GMT+2",1,4405655,181189,412,"Metz - Guingamp, 1 - 3",Played,Regular,3785,2,4435.841734,12,6,False,True,False,right_foot,29.930000000000007,0.1977182350684717,11.328420402198935
France,2500690,26604,3785,2123.430045,2H,Shot,88,53,0,2017-08-05 18:00:00+00:00,2017-08-05,"August 5, 2017 at 8:00:00 PM GMT+2",1,4405655,181189,412,"Metz - Guingamp, 1 - 3",Played,Regular,3785,2,4823.430045,13,7,True,False,False,left_foot,12.764074584551746,0.5527020814793425,31.66749659686207
France,2500690,25939,3785,2326.607984,2H,Shot,90,56,1,2017-08-05 18:00:00+00:00,2017-08-05,"August 5, 2017 at 8:00:00 PM GMT+2",1,4405655,181189,412,"Metz - Guingamp, 1 - 3",Played,Regular,3785,2,5026.607984,14,8,False,True,False,right_foot,11.264830225085507,0.5952429420474448,34.10490836426884
France,2500692,26069,3783,297.470835,1H,Shot,85,27,0,2017-08-05 18:00:00+00:00,2017-08-05,"August 5, 2017 at 8:00:00 PM GMT+2",1,4405655,181189,412,"Montpellier - Caen, 1 - 0",Played,Regular,3787,1,297.470835,1,1,True,False,False,left_foot,22.19621814634196,0.23606503596190817,13.52553025122134
France,2500692,246946,3787,441.95188599999994,1H,Shot,73,40,0,2017-08-05 18:00:00+00:00,2017-08-05,"August 5, 2017 at 8:00:00 PM GMT+2",1,4405655,181189,412,"Montpellier - Caen, 1 - 0",Played,Regular,3787,1,441.95188599999994,2,1,False,True,False,right_foot,29.154116347438823,0.24315556903539484,13.93178787083005
France,2500692,26069,3783,465.523461,1H,Shot,89,24,0,2017-08-05 18:00:00+00:00,2017-08-05,"August 5, 2017 at 8:00:00 PM GMT+2",1,4405655,181189,412,"Montpellier - Caen, 1 - 0",Played,Regular,3787,1,465.523461,3,2,True,False,False,left_foot,21.118354576055395,0.19300878803348462,11.058588963253776
France,2500692,26665,3787,543.244536,1H,Shot,88,47,0,2017-08-05 18:00:00+00:00,2017-08-05,"August 5, 2017 at 8:00:00 PM GMT+2",1,4405655,181189,412,"Montpellier - Caen, 1 - 0",Played,Regular,3787,1,543.244536,4,2,False,False,True,head,12.764074584551746,0.5527020814793425,31.66749659686207
France,2500692,15004,3783,659.838337,1H,Shot,93,42,0,2017-08-05 18:00:00+00:00,2017-08-05,"August 5, 2017 at 8:00:00 PM GMT+2",1,4405655,181189,412,"Montpellier - Caen, 1 - 0",Played,Regular,3787,1,659.838337,5,3,False,False,True,head,9.144183943906636,0.6537802478838335,37.45884893276043
France,2500692,26069,3783,788.364935,1H,Shot,76,57,0,2017-08-05 18:00:00+00:00,2017-08-05,"August 5, 2017 at 8:00:00 PM GMT+2",1,4405655,181189,412,"Montpellier - Caen, 1 - 0",Played,Regular,3787,1,788.364935,6,4,True,False,False,left_foot,25.645615609690484,0.2788415686138379,15.976445034380474
France,2500692,341973,3787,1812.564765,1H,Shot,73,72,0,2017-08-05 18:00:00+00:00,2017-08-05,"August 5, 2017 at 8:00:00 PM GMT+2",1,4405655,181189,412,"Montpellier - Caen, 1 - 0",Played,Regular,3787,1,1812.564765,7,3,False,True,False,right_foot,32.055016768050514,0.2018443308360699,11.564828275549104
France,2500692,25715,3783,1896.5242309999999,1H,Shot,76,38,0,2017-08-05 18:00:00+00:00,2017-08-05,"August 5, 2017 at 8:00:00 PM GMT+2",1,4405655,181189,412,"Montpellier - Caen, 1 - 0",Played,Regular,3787,1,1896.5242309999999,8,5,False,True,False,right_foot,26.488216247984692,0.2618716806052826,15.004142072680589
France,2500692,26665,3787,1973.473105,1H,Shot,83,70,0,2017-08-05 18:00:00+00:00,2017-08-05,"August 5, 2017 at 8:00:00 PM GMT+2",1,4405655,181189,412,"Montpellier - Caen, 1 - 0",Played,Regular,3787,1,1973.473105,9,4,False,True,False,right_foot,22.44064393015494,0.2604985754776251,14.925468944038043
France,2500692,26665,3787,2041.293987,1H,Shot,97,44,0,2017-08-05 18:00:00+00:00,2017-08-05,"August 5, 2017 at 8:00:00 PM GMT+2",1,4405655,181189,412,"Montpellier - Caen, 1 - 0",Played,Regular,3787,1,2041.293987,10,5,False,False,True,head,5.154502885827111,1.0517384893843038,60.26017659318534
France,2500692,25829,3787,2288.193885,1H,Shot,72,38,0,2017-08-05 18:00:00+00:00,2017-08-05,"August 5, 2017 at 8:00:00 PM GMT+2",1,4405655,181189,412,"Montpellier - Caen, 1 - 0",Played,Regular,3787,1,2288.193885,11,6,False,True,False,right_foot,30.511401147767703,0.23038200512220236,13.19991656926351
France,2500692,25829,3787,276.3754399999998,2H,Shot,72,44,0,2017-08-05 18:00:00+00:00,2017-08-05,"August 5, 2017 at 8:00:00 PM GMT+2",1,4405655,181189,412,"Montpellier - Caen, 1 - 0",Played,Regular,3787,2,2976.37544,12,7,True,False,False,left_foot,29.681751969855153,0.2431394244175075,13.930862852363253
France,2500692,407699,3783,566.5316720000001,2H,Shot,76,54,0,2017-08-05 18:00:00+00:00,2017-08-05,"August 5, 2017 at 8:00:00 PM GMT+2",1,4405655,181189,412,"Montpellier - Caen, 1 - 0",Played,Regular,3787,2,3266.531672,13,6,True,False,False,left_foot,25.346368576188585,0.2852485870530319,16.343540150208785
France,2500692,26008,3787,787.6648220000002,2H,Shot,94,58,1,2017-08-05 18:00:00+00:00,2017-08-05,"August 5, 2017 at 8:00:00 PM GMT+2",1,4405655,181189,412,"Montpellier - Caen, 1 - 0",Played,Regular,3787,2,3487.664822,14,8,False,False,True,head,8.323677072063761,0.6898894695085042,39.52775493335658
France,2500692,25647,3783,927.2406190000002,2H,Shot,83,44,0,2017-08-05 18:00:00+00:00,2017-08-05,"August 5, 2017 at 8:00:00 PM GMT+2",1,4405655,181189,412,"Montpellier - Caen, 1 - 0",Played,Regular,3787,2,3627.240619,15,7,False,True,False,right_foot,18.31034953243656,0.3856185625265143,22.094316134670912
France,2500692,26665,3787,1237.1890430000003,2H,Shot,90,58,0,2017-08-05 18:00:00+00:00,2017-08-05,"August 5, 2017 at 8:00:00 PM GMT+2",1,4405655,181189,412,"Montpellier - Caen, 1 - 0",Played,Regular,3787,2,3937.1890430000003,16,9,False,True,False,right_foot,11.825548613066541,0.5461633929673171,31.292857341572336
France,2500692,26069,3783,1466.2734449999998,2H,Shot,89,29,0,2017-08-05 18:00:00+00:00,2017-08-05,"August 5, 2017 at 8:00:00 PM GMT+2",1,4405655,181189,412,"Montpellier - Caen, 1 - 0",Played,Regular,3787,2,4166.273445,17,8,True,False,False,left_foot,18.36629793943243,0.25530883644845676,14.628118800892373
France,2500694,276944,3782,184.41465699999998,1H,Shot,95,46,1,2017-08-05 18:00:00+00:00,2017-08-05,"August 5, 2017 at 8:00:00 PM GMT+2",1,4405655,181189,412,"Saint-\u00c9tienne - Nice, 1 - 0",Played,Regular,3782,1,184.41465699999998,1,1,False,True,False,right_foot,5.9127743065332705,1.0594269315791986,60.70069188198312
France,2500694,1751,3782,388.77723100000003,1H,Shot,91,71,0,2017-08-05 18:00:00+00:00,2017-08-05,"August 5, 2017 at 8:00:00 PM GMT+2",1,4405655,181189,412,"Saint-\u00c9tienne - Nice, 1 - 0",Played,Regular,3782,1,388.77723100000003,2,2,True,False,False,left_foot,17.1236941107928,0.24234563151767713,13.885381869395523
France,2500694,149076,3775,784.9065350000001,1H,Shot,86,30,0,2017-08-05 18:00:00+00:00,2017-08-05,"August 5, 2017 at 8:00:00 PM GMT+2",1,4405655,181189,412,"Saint-\u00c9tienne - Nice, 1 - 0",Played,Regular,3782,1,784.9065350000001,3,1,False,True,False,right_foot,20.02623279601034,0.2707605760718323,15.513438267446856
France,2500694,396616,3782,934.523672,1H,Shot,76,22,0,2017-08-05 18:00:00+00:00,2017-08-05,"August 5, 2017 at 8:00:00 PM GMT+2",1,4405655,181189,412,"Saint-\u00c9tienne - Nice, 1 - 0",Played,Regular,3782,1,934.523672,4,3,False,True,False,right_foot,31.58419858093601,0.18528206061926827,10.615880092971148
France,2500694,26135,3775,1548.865841,1H,Shot,91,51,0,2017-08-05 18:00:00+00:00,2017-08-05,"August 5, 2017 at 8:00:00 PM GMT+2",1,4405655,181189,412,"Saint-\u00c9tienne - Nice, 1 - 0",Played,Regular,3782,1,1548.865841,5,2,False,False,True,head,9.474434020035185,0.7360008593250125,42.169742957325035
France,2500694,26000,3782,1642.802592,1H,Shot,72,43,0,2017-08-05 18:00:00+00:00,2017-08-05,"August 5, 2017 at 8:00:00 PM GMT+2",1,4405655,181189,412,"Saint-\u00c9tienne - Nice, 1 - 0",Played,Regular,3782,1,1642.802592,6,4,False,True,False,right_foot,29.78284069728743,0.2415309549256985,13.838704339007046
France,2500694,26000,3782,1763.9410579999999,1H,Shot,85,53,0,2017-08-05 18:00:00+00:00,2017-08-05,"August 5, 2017 at 8:00:00 PM GMT+2",1,4405655,181189,412,"Saint-\u00c9tienne - Nice, 1 - 0",Played,Regular,3782,1,1763.9410579999999,7,5,True,False,False,left_foot,15.881564784365551,0.4497374821464615,25.768059615832453
France,2500694,276944,3782,2200.220235,1H,Shot,72,62,0,2017-08-05 18:00:00+00:00,2017-08-05,"August 5, 2017 at 8:00:00 PM GMT+2",1,4405655,181189,412,"Saint-\u00c9tienne - Nice, 1 - 0",Played,Regular,3782,1,2200.220235,8,6,False,True,False,right_foot,30.511401147767703,0.23038200512220236,13.19991656926351
France,2500694,277629,3775,2413.126986,1H,Shot,74,50,0,2017-08-05 18:00:00+00:00,2017-08-05,"August 5, 2017 at 8:00:00 PM GMT+2",1,4405655,181189,412,"Saint-\u00c9tienne - Nice, 1 - 0",Played,Regular,3782,1,2413.126986,9,3,False,True,False,right_foot,27.299999999999997,0.2665425346197296,15.27176229443014
France,2500694,279734,3775,268.78101100000003,2H,Shot,75,46,0,2017-08-05 18:00:00+00:00,2017-08-05,"August 5, 2017 at 8:00:00 PM GMT+2",1,4405655,181189,412,"Saint-\u00c9tienne - Nice, 1 - 0",Played,Regular,3782,2,2968.781011,10,4,False,True,False,right_foot,26.390545655594163,0.274218847117677,15.711582602786052
France,2500694,25410,3775,1135.0803930000002,2H,Shot,92,48,0,2017-08-05 18:00:00+00:00,2017-08-05,"August 5, 2017 at 8:00:00 PM GMT+2",1,4405655,181189,412,"Saint-\u00c9tienne - Nice, 1 - 0",Played,Regular,3782,2,3835.080393,11,5,False,False,True,head,8.509383056367842,0.8059260590360257,46.176161782375495
France,2500694,26000,3782,1531.908375,2H,Shot,85,59,0,2017-08-05 18:00:00+00:00,2017-08-05,"August 5, 2017 at 8:00:00 PM GMT+2",1,4405655,181189,412,"Saint-\u00c9tienne - Nice, 1 - 0",Played,Regular,3782,2,4231.908375,12,7,False,True,False,right_foot,16.89724533762826,0.4007447354639898,22.960982004173264
France,2500694,396616,3782,2086.7270799999997,2H,Shot,85,30,0,2017-08-05 18:00:00+00:00,2017-08-05,"August 5, 2017 at 8:00:00 PM GMT+2",1,4405655,181189,412,"Saint-\u00c9tienne - Nice, 1 - 0",Played,Regular,3782,2,4786.72708,13,8,False,True,False,right_foot,20.809192680159413,0.26812825396676304,15.362617320507397
France,2500694,15010,3775,2798.2066029999996,2H,Shot,92,44,0,2017-08-05 18:00:00+00:00,2017-08-05,"August 5, 2017 at 8:00:00 PM GMT+2",1,4405655,181189,412,"Saint-\u00c9tienne - Nice, 1 - 0",Played,Regular,3782,2,5498.206603,14,6,False,False,True,head,9.33843670000499,0.6945703444457463,39.79594931168912
France,2500695,25891,3795,154.255924,1H,Shot,78,20,0,2017-08-05 18:00:00+00:00,2017-08-05,"August 5, 2017 at 8:00:00 PM GMT+2",1,4405655,181189,412,"Troyes - Rennes, 1 - 1",Played,Regular,0,1,154.255924,1,1,True,False,False,left_foot,30.818338696302234,0.17865624167409294,10.236248631594778
France,2500695,448079,3774,605.059252,1H,Shot,90,28,0,2017-08-05 18:00:00+00:00,2017-08-05,"August 5, 2017 at 8:00:00 PM GMT+2",1,4405655,181189,412,"Troyes - Rennes, 1 - 1",Played,Regular,0,1,605.059252,2,1,False,True,False,right_foot,18.27707854116735,0.23525763389784426,13.479269520580328
